Open,High,Low,Close,Volume,Stock
328,335.75,325,334.380005,6401500,332.4400025
335.26001,338.899994,325.980011,327,5320600,324.320007
327.76001,328.220001,320.420013,324.200012,6054000,324.479996
323.329987,327.549988,321.410004,327.23999,2604800,326.2350005
327.540009,329.730011,322.73999,324.160004,2626600,324.944992
324.329987,328.149994,321.73999,327.440002,2327800,325.3899995
328.48999,328.649994,322.130005,325.690002,2699500,324.894989
325.880005,326.519989,323.269989,324.570007,2416200,324.6100005
324.980011,326.980011,322.23999,324.779999,2671300,329.150009
325.859985,333.200012,325.100006,332.390015,3173600,334.210007
333.200012,336.76001,331.660004,332.850006,2681300,335.6899875
334.829987,338.299988,333.079987,337.48999,1944300,335.0349885
337.5,337.549988,332.519989,333.549988,2128900,327.569992
333.100006,333.73999,321.399994,323.809998,4271600,326.675003
324.709991,330.200012,323.149994,329.970001,3166100,326.3150025
324.339996,329.980011,322.649994,327.920013,2665000,340.8549955
334.709991,347,334.709991,346.200012,8300800,350.564987
347.029999,355.769989,345.359985,355.320007,5609900,352.494995
353.720001,355.589996,349.399994,354.440002,4170900,356.1600035
355.619995,359.320007,353,355.899994,3503600,354.169998
353.440002,356.959991,351.380005,352.450012,3636000,355.87999
354.399994,359.679993,352.079987,358.660004,3407400,359.214996
358.100006,361.709991,356.720001,359.76001,2278400,359.0899965
355.25,362.929993,355.25,360.839996,2888900,358.625
359.049988,360.630005,356.619995,358.140015,2687300,361.6849975
359.980011,364.850006,358.519989,358.609985,7088700,319.8150025
317.299988,324.869995,314.76001,324.01001,17846500,320.6600035
324.25,324.820007,316.5,320.410004,5932000,321.199997
321.980011,322.899994,319.5,320,2883800,320.6150055
321.450012,322.730011,318.5,322.51001,3969000,316.269989
320.01001,320.679993,311.859985,312.98999,5192000,310.2099915
313.690002,315.829987,304.589996,307.059998,7441500,312.3399965
308.839996,316.179993,308.5,313.649994,4200900,312.304993
313.299988,314.549988,310.059998,312.320007,2852100,312.9900055
310.829987,315.779999,310.200012,313.890015,2296900,312.7649995
315.209991,315.880005,309.649994,311.450012,2935600,313.9900055
311.940002,317.320007,310.660004,316.799988,2705900,318.630005
318.480011,320.380005,316.880005,318.329987,2468600,319.130005
318.890015,321.309998,316.950012,319.320007,1915800,328.930008
327.600006,331.720001,326.140015,326.279999,4939100,330.3999935
327.799988,334.089996,326.709991,333.209991,3420400,331.6600035
334,335,328.320007,333.630005,3896700,335.7849885
335.480011,337.799988,333.769989,334.529999,2485400,334.410004
334.869995,335.809998,333.01001,335.130005,1713800,335.5899965
334.679993,337.160004,334.019989,335.779999,1810500,334.404999
336.480011,336.579987,332.230011,332.910004,1971100,332.4399875
332.98999,334.079987,330.799988,331.589996,2211200,334.73999
333.209991,336.769989,332.709991,334.019989,1957700,339.4549865
337,344.359985,334.549988,341.829987,3654700,344.0050045
342.089996,346.670013,341.339996,343.179993,2961600,340.2949985
340,341.790009,338.799988,340.019989,2252700,339.75
341.76001,341.820007,337.679993,339.040009,1939500,339.830002
339.980011,342.5,337.160004,342.380005,2326000,340.4099885
342.540009,343.269989,337.549988,339,1993700,346.479996
343.690002,349.380005,343.579987,345.950012,3965600,344.6649935
346.299988,346.829987,342.5,346.380005,2107000,342.4250035
344.540009,345.809998,339.040009,342.339996,2955300,335.4700015
341.609985,341.76001,329.179993,329.75,4646800,331.900009
334.299988,334.980011,328.820007,331.329987,3797400,329.7000125
329.940002,333.01001,326.390015,330.519989,2720200,330.840012
329.559998,332.890015,328.790009,331.190002,3429300,325.1649935
330.910004,331.329987,319,323.890015,4000400,324.7900085
321.070007,329.480011,320.100006,327.76001,3259900,324.7599945
327.76001,328,321.519989,324,4136000,325.4049985
325.440002,327.100006,323.709991,325,2576900,329.1650085
327.600006,332.76001,325.570007,331.320007,6886200,325.274994
328.48999,329.48999,321.059998,324.5,3109700,324.425003
322.459991,327.600006,321.25,323.630005,2352600,324.5
324.170013,329.440002,319.559998,328.209991,2642200,324.9700015
327.98999,328.540009,321.399994,321.929993,2928800,320.5700075
320.600006,323.5,317.640015,323.209991,3638000,321.375
320.5,323.75,319,321.820007,1924600,320.9700015
321.359985,323.429993,318.51001,322.440002,2636200,318.8600005
322.040009,322.170013,315.549988,317.459991,3089100,314.9199985
316.920013,318.529999,311.309998,318.410004,3553900,322.3450015
320.359985,325.160004,319.529999,322.73999,3037400,321.8650055
323.5,324.130005,319.600006,322.200012,2290300,319.3350065
319.429993,322,316.670013,316.980011,2365400,319.125
316.579987,324.109985,314.140015,322.700012,3452800,318.394989
321.48999,322.269989,314.519989,315.369995,3587900,314.574997
314.019989,317.769989,311.380005,311.390015,3681900,308.3350065
309.869995,313.200012,303.470001,306.450012,4363900,308.994995
308,312.23999,305.75,308.309998,3385800,303.5
304.350006,307.899994,299.100006,305.970001,5343900,300.324997
293.829987,306.820007,293.829987,302.859985,4731300,305.9600065
307.149994,309.200012,302.720001,303.640015,4405100,304.274994
302.950012,306.529999,302.019989,306.209991,3234500,311.355011
309.899994,315.640015,307.070007,315.329987,3559300,315.810013
315.429993,318.980011,312.640015,312.970001,3125900,314.099991
313.399994,316.799988,311.399994,313.179993,9038200,288.904999
284.399994,293.809998,284,287.059998,19801100,287.720001
285.700012,290.420013,285.019989,289.970001,5950600,293.880005
289.76001,298,289.76001,295.589996,5572600,296.339996
299.109985,299.609985,293.070007,294.119995,4881900,296.0499875
293.980011,299.73999,292.359985,299.070007,4055200,303.6100005
305.149994,305.720001,301.5,305.459991,4550700,305.625
306.23999,308.01001,303.23999,305.720001,3242500,302.2100065
303.98999,304.25,300.170013,302.809998,3427400,299.080002
303.01001,304,294.160004,296.519989,4674500,294.6450045
296.690002,297,292.290009,296.640015,3758100,298.1399995
297.820007,299.98999,296.290009,299.859985,2647400,302.899994
300,305.799988,300,305.109985,2809100,308.0149995
305.940002,312.380005,303.649994,312.01001,3803600,310.684998
310.75,312.579987,308.790009,311.51001,2183000,314.7000125
312,317.890015,311.51001,316.480011,3686400,324.6399995
317.119995,332.880005,316.399994,327.820007,8877800,323.0149995
326.440002,328,318.029999,323.049988,4784900,326.404999
323.98999,329.559998,323.25,324.929993,3549500,326.2099915
327.25,328.399994,324.019989,326.540009,3281600,328
324,332.670013,323.329987,330.540009,3436700,334.899994
335.420013,338.329987,331.470001,332.630005,4466600,335.4950105
334.779999,337.390015,333.600006,335.640015,2754200,333.804993
335.269989,336.329987,331.279999,335.040009,2565000,333.199997
333.779999,334.649994,331.75,333.570007,1983600,338.6450045
336.029999,341.26001,336.029999,338.640015,3051800,333.285004
338.119995,340.640015,325.929993,326,4944900,325.5899965
327.5,327.929993,323.25,326.309998,2790300,320.564987
325.730011,326.769989,314.359985,316.5,5681000,316.0299985
315.529999,318.589996,313.470001,316.929993,3290300,313.8849945
316.799988,316.929993,310.839996,312.630005,3265200,310.6900025
311.570007,316.559998,304.820007,306.640015,3639200,307.390015
302.98999,313.640015,301.140015,312.5,4049500,308.9349975
312,313.190002,304.679993,305.839996,3245900,309.3250125
307.890015,312.640015,306.01001,307.359985,3262900,306.8250125
303.98999,310.640015,303.01001,307.320007,3153500,306.5049895
308.869995,310.859985,302.149994,306.070007,3841600,299.75
304.350006,304.48999,295.01001,295.059998,6501300,296.350006
296.369995,299.670013,293.029999,298.880005,4433500,298.875
304.01001,304.5,293.25,297.730011,7738100,298.529999
296.910004,301.540009,295.519989,299.899994,8709100,304.6499935
301.940002,307.359985,301.940002,306.540009,4003800,305.369995
306.980011,307.48999,303.25,306.290009,2713700,304.9400025
306.380005,307,302.880005,303.029999,1513800,307.2949985
305,310.779999,303.809998,309.089996,2893800,310.424988
307.850006,314.269989,306.579987,312.040009,3009000,311.639999
309.910004,313.940002,309.339996,310.299988,2093000,311.4950105
311.549988,312.980011,310.01001,310.350006,2048000,310.8549955
312.579987,314.75,306.959991,308.519989,2783200,304.6150055
307.01001,308.380005,300.850006,302.190002,2774200,297.6900025
302.23999,303,292.380005,295.290009,3519000,298.304993
297.5,301.279999,295.329987,298.420013,2640300,299.625
300.320007,303.140015,296.109985,300.459991,3088400,299.774994
301.480011,302.869995,296.679993,296.929993,2589500,293.8950045
297.559998,298.51001,289.279999,291.410004,3421400,297.3650055
297.480011,301.5,293.230011,294.73999,4130900,291.205002
291.929993,295.910004,286.5,293.269989,5538700,291.4100035
294,296,286.820007,286.950012,4419200,288.0200045
286.279999,290.790009,285.25,290.73999,3478200,289.875
292.589996,293.359985,286.390015,289.440002,3062500,296.630005
289.640015,306,287.26001,297.25,10065100,306.125
300,312.25,300,310.320007,5362600,312.324997
308.079987,316.929993,307.720001,312.390015,4467100,310.2599945
311.820007,313,307.519989,309.660004,3169700,306.4349975
306.299988,310.23999,302.630005,306.75,2920300,307.654999
309.809998,311.51001,303.799988,303.910004,3063800,306.0649875
304.730011,312.799988,299.329987,311.779999,8656600,350.119995
346.320007,359.5,340.73999,354.529999,23856100,357.505005
350.049988,365,350.01001,364.470001,10231900,364.014999
360.290009,367.820007,360.209991,363.549988,6204100,362.8650055
358.380005,367.5,358.230011,364.75,4169900,372.349991
366,378.799988,365.899994,373.890015,7247600,373.5
374.869995,375.98999,371.01001,374.279999,3871300,370.805008
371,374.410004,367.200012,370.559998,2724600,371.404999
371.190002,374.299988,368.51001,373,2287200,374.100006
371.230011,377.100006,371.100006,375.140015,2786500,375.830002
375.100006,378.51001,373.149994,377.170013,2791100,380.005005
378.410004,383,377.01001,381.829987,3475100,376.3300015
377.720001,379.98999,372.670013,375.429993,3673200,374.794998
373.779999,376.73999,372.850006,373.369995,2523500,377.654999
373.48999,381.880005,373.429993,379,2953800,379.770004
378.619995,383.700012,375.839996,383.660004,3258000,381.2700045
383.440002,384.540009,378,380.140015,2177000,378.3200075
378.649994,380.480011,376.160004,378.589996,1920800,382.1950075
377.269989,387.850006,376.540009,385.369995,3174500,386.324997
384.070007,389.369995,383.279999,384.799988,2687100,382.8899995
384,385.98999,379.790009,380.160004,2532300,382.6900025
380.850006,385.899994,379.480011,385.660004,2139200,383.850006
383.950012,386.100006,381.600006,384.609985,1946500,385.044998
385.709991,387.899994,382.190002,382.720001,2252700,386.155014
385.609985,388.420013,383.890015,387.829987,2693500,382.9400025
385.519989,387,378.880005,380.089996,2627000,377.304993
378.399994,379.329987,375.279999,378.559998,2311400,373.474991
377.450012,377.769989,369.179993,369.51001,3079600,369.805008
370.609985,373.350006,366.26001,366.369995,2495100,371.5099945
368.820007,375.5,367.519989,374.23999,2810000,370.3349915
371.519989,373.98999,366.679993,370.579987,2611700,370.3300015
370.380005,373.940002,366.720001,373.350006,2354100,372.0700075
371.109985,374.5,369.640015,371.920013,2034200,371.345001
369.970001,375.98999,366.700012,375.140015,2640600,374.6499935
373.869995,377.109985,372.190002,373.23999,1915700,377.645004
376.290009,379.369995,375.920013,378.48999,3763600,378.3549955
378.070007,381.769989,374.940002,375.109985,2235300,373.7549895
373.98999,375.23999,372.269989,374.089996,2228200,375.3950045
375.170013,380.5,370.290009,370.959991,3429500,368.524994
369.589996,371.399994,365.649994,367.350006,2930000,369.87001
367.109985,373.170013,366.570007,370.559998,2603800,373.8349915
371.869995,376.119995,371.549988,374.589996,1820900,374.605011
373.23999,377.700012,371.51001,372.100006,2506100,370.75
372.100006,373.160004,368.339996,370.26001,2451100,371.1399995
370.5,373.279999,369,372.25,1875300,374.7799985
370.100006,380.200012,369.359985,377.040009,3050700,376.6699985
376.149994,379.309998,374.029999,374.410004,1954900,378.1149905
374.660004,381.579987,374.649994,381.200012,2636400,381.6100005
380.660004,384.420013,378.799988,383.540009,2392300,384.220001
384.309998,387.119995,381.320007,382.649994,2573500,382.710007
383.529999,385.279999,380.140015,382.359985,1894500,384.5099945
383.51001,387.809998,381.209991,385.109985,2548800,383.710007
384.649994,385.779999,381.640015,383.450012,1933200,385.5
383.690002,387.450012,383.549988,386.040009,2080400,378.979996
382.630005,383.559998,374.399994,375.559998,3839700,384.470001
378.549988,391.940002,377,389.51001,5001400,390.699997
391.309998,394.600006,386.799988,391.179993,4643500,391.1399995
391.910004,394.279999,388,389.799988,3474700,389.0149995
390.209991,391.880005,386.149994,389.98999,7980000,445.824997
439,452.649994,439,445.100006,17176900,442.199997
443.859985,446.98999,437.410004,438.559998,5430900,433.5200045
438.51001,439,428.040009,429.309998,4140500,430.1349945
426.75,434.23999,426.029999,429.369995,3621700,425.494995
427.109985,431.75,419.23999,421.779999,3647900,420.8200075
423.820007,425.640015,416,422.869995,3565800,426.095001
424.799988,429.769989,422.420013,423.040009,2270400,424.2649995
422.850006,427.51001,421.019989,421.190002,2856400,418.6349945
421.429993,422.720001,414.549988,419.100006,2552500,425.675003
424.149994,428.5,422.850006,426.880005,2766100,432.6850125
430.75,435.200012,430.170013,433.690002,2908800,435.1849975
432.51001,439,431.369995,432.850006,2393700,429.9799955
431.079987,433.25,426.709991,431.019989,1947800,429.6649935
429.980011,433.529999,425.799988,426.869995,1996300,430.005005
429.450012,433,427.01001,432.279999,1888500,427.349991
428,430.399994,424.299988,426,4240300,424.36499
426,427.269989,421.459991,425.23999,2268700,424.4349975
424.869995,428.23999,420.630005,421.709991,2464200,422.7299955
420.600006,427.100006,418.359985,423.859985,2196200,432.449997
428,436.899994,428,431.630005,4121400,430.0249935
431.549988,432.440002,427.609985,427.630005,2020600,424.5
426.200012,427,422,425.470001,2244200,428.430008
427.450012,431.850006,425.01001,431.420013,2231100,428.4100035
429.709991,431.350006,425.470001,426.570007,1912400,429.8650055
427.230011,432.5,427.230011,429.230011,3008600,429.680008
430.399994,433.160004,426.200012,430.920013,2253300,429.7400055
430.070007,433.230011,426.25,430.98999,1668900,435.5700075
434.399994,438.390015,432.75,436.589996,2727900,433.01001
434.399994,436.76001,429.26001,430.779999,2510800,428.649994
429.660004,430.799988,426.5,426.950012,1907900,424.1149905
425.619995,426.799988,421.429993,423.5,2166900,423.3150025
422.959991,427.48999,419.140015,425.480011,2288700,428.930008
426.459991,432.200012,425.660004,430.769989,2172300,435.180008
432.290009,438.890015,431.470001,432.970001,2922500,430.3099975
431.25,432.359985,428.26001,429.920013,2054400,425.3450015
427.660004,428.049988,422.640015,423.670013,2051000,425.320007
424.149994,427.970001,422.670013,427.26001,2296400,428.050003
428.359985,431.350006,424.75,427.809998,2185900,434.5700075
430.299988,439.730011,429.410004,439.390015,3378400,439.11499
440.26001,444.98999,433.23999,434.920013,4495100,436.7099915
437,439.23999,434.179993,436.290009,1823600,440.3650055
435.589996,447.040009,433.690002,445.98999,3245000,443.350006
444.970001,446.470001,440.230011,440.839996,2620800,439.930008
438.070007,443.470001,436.390015,440.100006,2237500,439.274994
441.76001,443.48999,435.059998,438.100006,2624500,433
434.980011,437,429,429.859985,2753200,433.014999
434.200012,435.570007,430.459991,434.089996,2596900,437.7899935
439.350006,440,435.579987,437.390015,1987100,435.8400115
437,438.200012,433.480011,437.709991,1343400,436.625
435.230011,439.730011,433.519989,436.040009,1903200,431.650009
435.679993,437.730011,425.570007,436.720001,3454200,432.4099885
434.350006,435.98999,428.829987,429.700012,2383100,436.4349975
434.899994,438.720001,434.149994,434.390015,2271400,441.8600005
440.48999,444.720001,439,443.51001,2401000,452.705002
448.290009,457.869995,447.540009,455.570007,3956800,463.880005
462.320007,469.600006,458.160004,465.570007,4736200,462.450012
463.040009,464.700012,460.200012,461.190002,2987400,470.3399965
465.5,475.880005,464.799988,475.480011,4095600,481.3350065
477.700012,485.420013,477.25,483.01001,4932200,489.300003
492.570007,493.200012,485.399994,488.100006,4752500,485.7149965
487.899994,488.880005,482.549988,488,3181800,488.699997
485.98999,492.5,484.899994,488.269989,3114900,483.680008
491.660004,491.660004,475.700012,482.179993,9374400,554.9599915
578.98999,580.570007,529.349976,529.419983,21909400,535.774994
527.75,544.950012,526.599976,531.409973,7491000,529.755005
536,536.390015,523.119995,526.030029,5273100,528.9949955
530.919983,532.969971,525.02002,529,3752600,531.744995
527.650024,539.200012,524.289978,536.76001,3743100,538.6800235
539.090027,542.840027,534.52002,536.150024,3025600,534.8999935
537.450012,540.440002,529.359985,535.030029,3014200,533.0549925
529.690002,536.950012,529.159973,531.900024,2934600,536.630005
538.799988,539.140015,534.119995,537.01001,2889400,535.130005
539.299988,542.73999,527.52002,529.460022,3820500,523.835022
529.159973,529.460022,518.210022,522.619995,3969200,527.6400145
528.52002,532.280029,523,524,2615900,525.48999
523.650024,528.97998,522,527.460022,2657900,520.279999
523.75,527.5,513.059998,525.909973,3962300,530.0749815
527.369995,534.659973,525.48999,529.659973,2895200,531.1799925
528.25,534.109985,528.25,531.52002,1983200,532.9299925
531.289978,538.73999,527.119995,535.219971,2581700,536.244995
535.039978,539.48999,533,535.02002,2071300,533.125
533.73999,537.25,529,532.919983,2324000,524.51001
530.390015,533.25,515.77002,515.780029,4408000,503.400009
507.359985,512.330017,494.470001,494.470001,6706500,463.7899935
463.579987,476.579987,451,463.369995,10097600,477.845001
487.48999,489.440002,466.25,466.369995,5679300,491.2400055
484.019989,503.720001,478.76001,500.769989,6358600,514.975006
513.710022,522.690002,507.26001,518.369995,6114500,517.269989
517.5,521.5,513.039978,518.01001,2746700,514.23999
516.440002,519.409973,509.070007,512.890015,2983000,501.7149965
499.140015,510,493.429993,496.540009,3864500,504.289993
505.089996,510.859985,497.720001,510.549988,3707100,509.205017
514.5,515.840027,502.570007,504.720001,3149700,499.2450105
497.649994,502.850006,495.640015,499,2692500,513.429993
508.690002,518.349976,508.51001,517.539978,3810700,522.505005
524,529.950012,515.059998,516.890015,4338700,520.455017
515.150024,526.130005,514.780029,522.23999,2576000,525.0249935
521.070007,529.440002,520.609985,529.440002,3227900,525.5150145
529.440002,532.450012,518.580017,521.380005,3130200,522.5599975
523.25,527.919983,517.200012,522.369995,2845600,523.410004
521.97998,528.299988,518.52002,527.390015,2252800,536.769989
526.97998,546.969971,526.570007,538.869995,4169500,538.794983
534.619995,546.23999,531.349976,540.26001,6125600,544.685028
544.330017,549.780029,539.590027,548.390015,3283300,538.1049805
539.710022,543.549988,532.659973,538.400024,3841700,537.605011
538.299988,541.210022,534,536.070007,2237600,528.7149965
530.549988,534.559998,522.869995,533.75,3501000,532.100006
542.570007,542.799988,521.400024,524.25,4031000,507.305008
520.02002,520.280029,494.329987,504.059998,5434500,500.9900055
506,511.480011,490.5,496.070007,4457500,507.2350005
505.440002,512.799988,501.670013,511.890015,3990400,513.399994
511,520.799988,506,520.719971,3768500,520.349991
512.98999,532.599976,508.100006,532.539978,4597800,540.9549865
536.98999,545.909973,536,543.679993,3391400,542.4150085
545.5,551.5,533.330017,537.47998,4502800,535.5
541.789978,542,529,541.940002,3812100,529.640015
536.710022,539.390015,519.890015,533.159973,4676400,536.029999
534.47998,541.789978,530.27002,539.799988,3537400,545.3099975
539.960022,550.820007,539.799988,550.190002,2776100,548.149994
546.26001,553.200012,543.099976,548.900024,2938000,545.9649965
551.340027,552.25,539.679993,544.830017,3582100,555
547.75,563,547,562.440002,4937000,565.625
565.27002,570.940002,560.309998,570.76001,4315800,573.1900025
570.76001,579,567.380005,573.150024,4375400,564.1400145
572,573,555.280029,560.880005,4327900,558.88501
563.869995,565.25,552.52002,555.77002,3343600,562.9100035
562.700012,569.150024,556.669983,563.909973,7779400,607.4049985
617.679993,619.450012,595.359985,599.030029,10692700,603.069977
602.299988,609.849976,596.289978,608.609985,4269700,610.1200255
608.599976,614.710022,605.530029,611.01001,3787100,613.36499
612.299988,617.22998,609.5,617.099976,3926200,621.4649965
617.700012,627.539978,615.390015,626.549988,3858600,628
626.01001,630.719971,625.280029,625.900024,3874400,624.519989
627.130005,628.630005,620.409973,628.349976,2816500,625.9450075
629.530029,629.890015,622,625.309998,3246900,636.6399845
627.76001,645.929993,627.349976,640.950012,4831800,650.0450135
647.099976,657,643.090027,655.650024,4723800,657.130005
655,662.26001,652,659.369995,4092200,654.904999
658.650024,661.960022,647.849976,655.48999,4048800,653.630005
651.01001,660,647.26001,659.679993,3489500,669.605011
663.25,675.960022,663.25,673.25,5387300,669.929993
673,675.640015,664.219971,665.599976,4284700,653.725006
663.570007,667,640.450012,642.349976,6261100,636.139984
640.919983,649.98999,622.289978,647.809998,7435900,647.125
650.650024,653.25,641,643.299988,4320200,655.625
646.51001,664.880005,646.369995,663.539978,4469800,665.9299925
664.98999,672.859985,659,661.27002,4705200,663.220001
667.940002,668.869995,657.570007,668.450012,3896100,676.4450075
671.5,682.77002,670.119995,678.98999,4385100,668.505005
674.140015,675.799988,661.210022,671.150024,4543400,675.470001
675,679.700012,671.23999,675.340027,2697900,676.544983
680.799988,680.98999,672.099976,673.26001,1966800,672.944977
675.900024,681.289978,664.599976,664.799988,5693200,674.4299925
673.75,681,667.859985,679.059998,4751200,679.5350035
681,684.820007,674.25,676.01001,4273500,672.134979
679.440002,682.789978,661.47998,666.25,5064700,668.0900265
666,674.780029,661.400024,672.640015,4534800,667.980011
674.73999,675.460022,660.5,669.830017,3732800,669.889984
663.130005,679.98999,659.789978,677.330017,3651900,667.3399965
678,679,655.679993,664.789978,5158200,664.0450135
665.590027,668.530029,659.559998,662.320007,3440200,648.75
651.22998,657.880005,639.619995,640.150024,5474400,646.9300235
641.75,658.590027,635.27002,657.909973,4329700,664.424988
665.030029,671.5,657.349976,658.640015,4753400,668.3349915
663.559998,677.349976,659.320007,675.77002,3964500,676.575012
680,682.5,670.650024,670.650024,3681600,670.485016
668.650024,676.840027,664.130005,664.140015,6841300,664.4150085
668.5,669.900024,658.929993,664.51001,3250900,663.875
666.830017,668.48999,659.26001,663.150024,2664000,661.6149905
666.5,666.599976,656.630005,663.700012,2722900,662.6399845
663.349976,664.679993,660.599976,662.789978,1093000,670.5
665.559998,675.5,665.5,675.200012,3775800,687.1650085
677.97998,696.440002,677.890015,693.969971,5735000,690.9349975
691.890015,695.48999,686.380005,689.070007,3519000,681.8200075
686.080017,687.75,675.890015,675.890015,3749600,642.6149905
656.289978,657.719971,627.51001,636.98999,9314500,637.2799985
646.859985,646.909973,627.650024,633.789978,5822600,630.049988
622,639.789978,620.309998,632.650024,5329200,617.605011
621.799988,630,605.210022,607.940002,7074900,615.0700075
619.659973,624.140015,606,607.049988,5512900,609.2099915
612.47998,619.849976,598.570007,617.73999,4869200,619.11499
625.25,625.98999,612.23999,617.890015,4724100,600.019989
620.880005,620.880005,579.159973,581.809998,7655200,586.0650025
580.25,602.25,569.880005,593,7238000,574.9599915
572.23999,584.619995,565.299988,570.179993,7784500,575.225006
577.090027,584,566.450012,574.47998,4807200,562.8150025
564.359985,578.450012,547.179993,571.77002,7966400,578.5149845
573.580017,588.809998,568.219971,575.02002,4952200,592.1049805
588.72998,600.099976,584.109985,596.380005,5120100,601.529999
597.98999,608.5,594.559998,596.530029,4396100,597.4400025
603.450012,604.5,590.380005,601.25,3743200,591.085022
601.98999,603.390015,578.780029,583.349976,5152900,617.804993
608.369995,638.059998,597.549988,635.349976,14015200,581.5
571.97998,593,570,587,14677600,576.054993
578.150024,581.799988,570.309998,574.809998,6355100,560.8250125
570,571.559998,550.090027,552.099976,6312000,538.950012
553.5,556,521.900024,531.070007,10048700,529.1049805
525,538.98999,519.219971,536.26001,6176600,514.320007
529.280029,529.450012,499.190002,502.130005,9708900,484.3549955
486.470001,493.5,475.209991,488.100006,9825500,486.1900025
478.01001,498.380005,474,482.070007,7045900,495.330002
491.76001,504.660004,486,490.480011,6786200,496.649994
491.170013,509.299988,484,503.820007,7397400,509.119995
510.700012,516.75,501.48999,507.079987,5384800,518.055008
519.47998,524.450012,511.660004,521.099976,5118500,528.4349975
528.73999,537.47998,519.390015,534.099976,4824000,532.464996
541.190002,541.200012,523.72998,525,4735000,525.649994
520.710022,535.950012,515.349976,534.900024,4974700,550.8650205
542.200012,560.650024,541.080017,559.5,5566600,551.119995
555.549988,556.909973,545.330017,552.940002,4050800,543.710022
545.75,554.27002,533.150024,554.039978,6231700,552.3399965
555.52002,559.390015,545.289978,555.150024,4510500,557.8349915
560.119995,562.5,553.169983,555.22998,4877000,558.660004
554,564.809998,552.51001,552.52002,4145400,567.625
556.289978,579.25,556,579.039978,5038500,579.350006
581.75,585,573.700012,580.210022,4582200,576.48999
577.960022,579.869995,573.109985,577.48999,2736700,576.2350155
581.070007,581.400024,571.070007,575.140015,3416500,564.5899965
573.539978,573.630005,555.549988,562.799988,4926900,563.044983
557.869995,571.349976,554.73999,560.26001,4730000,555.2399905
559.559998,560.349976,550.130005,559.469971,4377300,557.450012
566.73999,567,547.900024,558.929993,3914300,566.394989
566.950012,570.059998,562.72998,569.609985,3771300,569.9700015
567,576.890015,563.049988,573.369995,3454200,574.26001
571,581.52002,567,577.02002,3876800,576.230011
576.640015,581.320007,571.140015,574.27002,3537700,563.205017
569.51001,571.400024,555.01001,559.440002,5928100,554.210022
560.940002,562.330017,546.090027,552.080017,7296900,546.9100035
548.909973,555.23999,538.580017,553.97998,5155700,553.904999
545.109985,562.76001,545.049988,560.47998,4000600,565.289978
561,572.47998,558.099976,569.630005,3983700,575.3150025
567.109985,583.549988,567.080017,582.950012,5185500,580.154999
584.400024,584.75,575.559998,579.869995,3121500,586.174988
580.150024,595.849976,576.5,593.859985,4167100,599.119995
596.710022,603.23999,595,598.690002,3890500,596.480011
599.280029,600.75,592.210022,593.640015,2681800,593.6650085
590.48999,599.030029,588.299988,598.5,2917400,595.024994
599,599.5,590.549988,593.190002,2470800,589.3599855
590.77002,593.469971,585.25,586.140015,2308900,594.9450075
587.52002,602.390015,587.5,602.080017,2833500,594.3399965
598.76001,599.599976,589.080017,591.429993,3189000,593.4299925
594.320007,597.859985,589,594.599976,2591900,599.4549865
596.140015,604,594.909973,595.929993,2704300,598.184998
598.400024,604.059998,592.309998,603.169983,2636300,611.049988
607.679993,616.809998,605.289978,614.820007,4228300,619.725006
615.070007,624.380005,615.070007,620.75,3474300,622.4400025
621.919983,626.77002,618.109985,625.890015,2887700,631.3000185
625.349976,637.640015,624.960022,635.349976,4336400,629.404999
637.140015,638.01001,620.799988,627.900024,4055900,629.774994
630,636.549988,623,632.98999,2609400,633.1600035
631,637.820007,628.5,631,2596300,619.904999
624.469971,628.25,611.559998,620.5,5083900,621.61499
616.609985,626.97998,616.25,626.200012,2682900,620.8150025
626.169983,626.75,614.880005,616.880005,2521400,608.6150205
611.799988,615.950012,601.280029,606.570007,4068800,613
615.539978,626.799988,599.200012,602,7872600,661.98999
666,669.97998,654,659.590027,10310700,673.7650145
663.919983,685.5,662.030029,683.849976,6578500,675.3649905
677.359985,680.299988,670.429993,671.320007,4923400,668.0700075
662.590027,674,662.140015,670.900024,4574500,666.244995
673.309998,676.48999,656,659.090027,4884100,666.480011
656.049988,676.950012,656.01001,673.950012,4365300,679.1949765
673.950012,686.97998,671.409973,679.75,3982200,699.024994
694,704.549988,693.5,703.070007,6087000,710.325012
705.789978,719,701.650024,713.22998,7338200,716.980011
717.380005,722.450012,711.51001,717.929993,5048200,712.880005
714.640015,719.25,706.51001,709.919983,4763400,706.7650145
710.130005,713.25,700.280029,710.659973,5432900,704.189972
709.900024,714.469971,693.909973,695.27002,5121400,695.649994
689.559998,702.539978,688.76001,697.450012,4283200,694.480011
691.880005,699.400024,689.559998,698.52002,3025600,703.619995
701.049988,707.23999,700,702.799988,2916200,701.2099915
704.25,706,696.419983,696.75,2579200,702.75
698.01001,707.5,698,704.200012,3033800,708.1900025
708,710.859985,705.52002,708.349976,3267700,711.144989
708.330017,715,707.289978,714.909973,2436800,713.849976
715,716.599976,711.099976,712.23999,2249200,717.7749935
712.330017,724.22998,711.320007,722.789978,3618300,722.324982
720.900024,726.429993,718.219971,719.440002,3263100,721.8900145
720.969971,728.280029,715.5,728.23999,3020700,722.7149965
726.73999,727,718.429993,725.539978,3367300,727.9599915
726.5,731.5,724.419983,726.72998,2704800,725.274994
729.890015,730,720.549988,723.73999,2732500,725.5099795
726.400024,729.419983,721.599976,726.640015,2223400,725.6049805
723.099976,728.909973,722.299988,727.650024,2170300,719.595001
722.349976,724.97998,714.210022,717.909973,3425700,716.5749815
714.01001,721.98999,711.159973,715.23999,3352200,716.540009
712.330017,720.809998,712.27002,719.299988,2506900,717.954987
722,722.559998,713.349976,714.26001,2709400,711.649994
712.049988,718,705.299988,717.51001,3098000,708.6900025
718.190002,718.200012,699.179993,706.390015,5897800,716.059998
713.5,721.309998,710.809998,714.01001,3677200,715.5599975
715.719971,718.400024,712.719971,715.820007,2137500,712.2850035
716.580017,717,707.570007,710.599976,2260500,717.3099975
715.5,722.119995,712.5,722.080017,2825000,702.3650205
693,712.530029,692.200012,698.960022,7632500,689.470001
692.01001,696.820007,682.119995,691.359985,5568000,703.0849915
700,708,698.169983,707.950012,4037000,716.519989
715.75,719.5,713.539978,715.599976,3070100,715.9549865
717.200012,719.369995,712.539978,715.619995,2855100,722.269989
717.320007,728,716.539978,725.679993,2920400,724.5849915
722.799988,729.559998,719.609985,728.099976,2431400,730.1750185
725.710022,737.77002,722.580017,737.609985,3938200,735.5899965
739.330017,739.549988,731.630005,736.570007,2936700,742.049988
740.140015,746.099976,738,745.809998,3429200,751.450012
750,755.900024,747,753.780029,3195300,748.835022
756.859985,757.340027,740.330017,748.210022,5623700,749.0599975
746.76001,756.869995,741.25,742.630005,4142300,744.029999
748.859985,749.039978,739.02002,741.200012,2390500,740.299988
746.549988,746.549988,734.049988,735.440002,3121400,735.1599735
735.48999,741.599976,728.719971,736.070007,2954900,737.8200075
732.5,743.330017,732.309998,739.950012,2216800,743.475006
744,746.25,740.700012,745.719971,2214000,746.0749815
747.5,749.359985,742.789978,744.429993,2317100,747.405029
747.789978,751.280029,743.530029,744.859985,2277700,741.924988
746.549988,748.5,735.349976,739.609985,2679300,737.9400025
742.710022,743.130005,732.75,735.590027,2529700,737.3999935
737.969971,740.940002,733.859985,736.669983,2831800,746.5299985
745.97998,753.359985,739.700012,752.609985,7617600,760.5
765,766,755,758.809998,6777100,763.779999
759.869995,770.5,757.059998,767.73999,3578200,761.015015
763.809998,765.01001,757.02002,760.580017,3603300,755.5700075
757.059998,758.890015,752.25,754.640015,3581500,757.674988
753.700012,765,750.349976,760.77002,3176000,765.779999
764.809998,768.469971,763.090027,765.97998,2704400,764.01001
766.809998,767,761.02002,766.559998,1986300,769.75
767.390015,772.599976,766.900024,768.309998,1876100,769.144989
769.799988,772.099976,766.190002,768.559998,1604300,771.4349975
769.940002,773.75,769.119995,771.23999,2016300,770.7850035
768.460022,773.150024,768.419983,772.559998,1563300,769.875
771.900024,772.039978,767.710022,768.48999,2118500,766.2749935
768.619995,768.72998,763.820007,764.039978,1604600,762.2099915
764.409973,765.219971,759.200012,764.630005,1891100,762.8849795
764,765.169983,760.599976,764.460022,1458800,759.6900025
761.900024,762.48999,756.890015,757.309998,2343200,755.974976
757.5,759.849976,752.099976,759.47998,1679300,762.850006
763.309998,764.700012,761,762.450012,1524100,759.384979
763,763.409973,755.359985,757.25,1744100,757.649994
756,760.559998,754.73999,759.219971,1623000,764.899994
760.049988,770,759.799988,769,2776800,771.789978
768.719971,774.97998,768.599976,771.289978,2185700,768.7000125
771.049988,771.840027,765.559998,767.580017,1709200,766.8200075
766.599976,769.640015,764,769.159973,1633800,769.394989
770.900024,772.039978,766.75,770.619995,1792300,773.850006
774.109985,776,771.700012,772.440002,2181800,779.8499755
774.039978,789.47998,770.219971,788.869995,3719800,787.5599975
789.530029,790.789978,784.330017,784.47998,2424600,783.970001
783.890015,786.5,781.440002,784.059998,2026400,770.5549925
779.359985,781,760.109985,760.140015,4257300,764.3299865
757.349976,772.659973,756,771.48999,3124700,764.4700015
768.77002,769.890015,759.049988,761.01001,3117200,763.174988
762.200012,767.5,758.849976,761.090027,2523000,764.225006
762,770.869995,757.580017,769.690002,3034000,776.0599975
773.280029,780.460022,771.659973,778.52002,5499200,776.470001
779.969971,781.940002,771,775.099976,2292500,778.6849975
776,781.369995,776,780.219971,1937200,784.850006
783.25,790.690002,779.01001,789.73999,2718600,800.0800175
794.27002,805.890015,794.27002,804.700012,4078900,804.9349975
803.130005,807.75,802.119995,805.75,2353500,801.5400085
801.799988,805.929993,797.150024,799.159973,2651400,808.875
801.849976,816.640015,801.109985,816.109985,3819600,823.585022
818,830.140015,817.030029,828.719971,4422100,831.0650025
828.26001,837.5,824.630005,829.049988,4922200,836.175018
832.609985,839.950012,832.400024,837.309998,4430600,835.5549925
836,839.859985,831.25,836.73999,2769400,836.3150025
840.909973,842.369995,830.26001,834.030029,2950300,840.894989
838,845.669983,836.119995,844.359985,3469100,843.904999
843.700012,847.210022,840.599976,841.659973,2684000,841.700012
845.789978,845.950012,837.450012,839.429993,2426200,842.735016
843.25,845.200012,840.27002,841.710022,1818000,834.819977
841.02002,841.289978,828.349976,831,3588200,833.8849795
834,837.669983,830.099976,834.090027,2380400,826.505005
829,831.799988,821.210022,829.280029,3091400,829.350006
835.080017,835.73999,822.960022,822.960022,2999800,816.8399965
821.5,822,811.679993,812.950012,3361500,819.140015
822.109985,823.26001,815.02002,817.650024,2480800,817.919983
820.400024,820.669983,815.169983,817.690002,2090700,809.404999
813.98999,815.710022,803.099976,810.320007,3152000,814.2099915
809.359985,819.419983,809,818.98999,2793000,830.255005
824.950012,838.299988,822.210022,838.090027,4060900,838.154999
839.299988,843.090027,833.219971,835.179993,3248400,826.720001
832.76001,833.440002,820,822.590027,3998100,823.574982
831.23999,831.719971,815.429993,818.359985,7406400,782.0499875
782,789.48999,774.609985,776.320007,10841100,786.9049985
781.030029,793.700012,780.109985,789.820007,5413300,788.7750245
799,800.840027,776.710022,785.409973,5305400,774.149994
783.929993,784.75,763.549988,765.559998,5026500,770.5
765.049988,777,764,767.030029,3872500,759.61499
762.789978,766,753.22998,755.049988,5122100,779.334991
771.640015,787.72998,770.940002,784.929993,5984400,785.419983
784.969971,791.73999,779.099976,787.75,3373300,768.7950135
764,777.5,760.090027,771.880005,8562900,748.2650145
778.809998,778.830017,717.700012,742.380005,12747000,736.080017
735.72998,743.26001,728.900024,739.01001,6622800,728.049988
745.51001,746,710.099976,719.070007,7283200,736.3850095
730,746.780029,725.98999,743.23999,6755800,742.73999
739.880005,749.869995,735.609985,746.48999,3601400,752.75
749.320007,757.5,748,756.400024,3690100,762.6900025
761,767.73999,757.640015,760.159973,4373400,772.7299805
766,780.349976,765.109985,780,4614600,786.700012
788.169983,792.400024,781,785.330017,5311300,777.4349975
781.72998,781.75,773.119995,780.119995,3522500,782.325012
786.5,786.75,777.900024,780.369995,1837100,770.619995
776.98999,777,764.23999,766.77002,4438800,765.605011
768,769.890015,761.320007,762.52002,3272300,759.1700135
762,768.090027,750.25,750.570007,4625900,745.700012
752.409973,753.369995,738.030029,743.650024,4666000,742.595001
743.400024,748.48999,736.700012,740.340027,3561300,751.744995
745,761.48999,742,759.359985,4314700,762.744995
763.98999,768.23999,757.25,764.719971,3794700,763.119995
764.549988,770.419983,755.820007,770.419983,3684900,769.48999
771.869995,773.789978,765.190002,767.330017,3189600,767.7950135
770,770.25,765.340027,768.659973,2470900,762.0450135
766.400024,766.890015,757.200012,760.119995,2963900,772.230011
764.960022,782.460022,762,774.340027,5285300,771.8349915
778.25,780.859985,762.809998,768.820007,5454800,764.704987
766.280029,769.099976,760.309998,761,3801900,759.5650025
765,765.130005,754,757.77002,4828700,763.3299865
758.890015,770.5,756.159973,766,3113200,771.0500185
768.650024,774.390015,767.710022,771.219971,2703600,768.4599915
770,771.219971,765.700012,770.599976,2044600,767.115021
768.119995,771.210022,763.02002,766.340027,2543600,762.244995
764.549988,766.5,757.98999,760.590027,1976900,767.925018
763.400024,774.650024,761.200012,771.400024,2638700,775.25
776.25,780,770.5,772.130005,3301000,767.125
772.400024,773.400024,760.849976,765.150024,3153500,757.8400265
766.469971,767.400024,748.280029,749.869995,4139400,753.230011
757.919983,758.76001,747.700012,753.669983,3521100,756.9400025
758.390015,759.679993,754.200012,757.179993,2510500,771.330017
761.549988,782.400024,760.26001,780.450012,5830100,788.959991
782.359985,799.440002,778.47998,795.98999,5986200,796.77002
798,801.77002,791.77002,796.919983,3440100,793.769989
796.599976,798,789.539978,795.900024,2558400,794.505005
793.659973,799.5,789.51001,799.02002,2992800,806.8150025
800.309998,814.130005,799.5,813.640015,4873900,816.525024
814.320007,821.650024,811.400024,817.140015,3791900,809.720001
815.700012,816,803.440002,809.719971,3659400,808
809.5,811.72998,804.27002,807.47998,2354200,810.4150085
810,813.51001,807.320007,809.039978,2540800,811.140015
815.280029,816.02002,806.26001,808.330017,3376200,811.7900085
806.799988,818.5,805.080017,817.880005,2797500,819.244995
822,823.98999,814.5,822.440002,2971700,831.3549805
825.789978,837.419983,825.289978,836.52002,3922600,838.4200135
835.530029,843.840027,833,839.150024,3586300,834.570007
839,839.700012,829.440002,835.77002,2998700,824.9400025
833,833.5,816.380005,830.380005,3747300,823.274994
823.75,826.98999,819.559998,823.47998,3137200,829.3600155
829.210022,833.780029,824.940002,832.349976,3850200,835.375
836.590027,842.48999,828.26001,839.950012,7350500,811.149994
806.719971,818.299988,804,810.200012,10868800,806.8599855
809.799988,810.719971,803,807.640015,3897300,811.8299865
809.309998,816.159973,807.5,812.5,3466100,816.98999
812.690002,821.47998,812.5,819.710022,2858000,822.355011
821.599976,825,819.710022,821.359985,2484900,825.424988
823.820007,828,822.849976,827.460022,2429600,835.774994
831.619995,843,828.549988,836.530029,4172600,834.880005
837,838.309998,831.450012,836.390015,2787900,837.8150025
834,842.809998,832.820007,842.700012,2968900,842.1900025
841.840027,845,839.380005,844.140015,2714700,844
842,847.27002,840.72998,845.070007,3112300,852.61499
848.840027,857.97998,847.25,856.440002,3507700,855.304993
856.950012,858.429993,852.179993,855.609985,2617000,854.4299925
857.570007,860.859985,848,852.190002,3462000,841.779999
844.690002,845.809998,837.75,845.23999,3688000,846.0849915
842.380005,852.5,839.669983,848.640015,2713600,848.0700075
851.450012,854.090027,842.049988,845.039978,2793700,851.9200135
853.049988,854.830017,849.01001,853.080017,2760100,851.050018
853.080017,854.820007,847.280029,848.909973,2132100,849.130005
847.200012,851.98999,846.27002,849.880005,1941100,844.8049925
845.22998,848.48999,841.119995,846.609985,2610400,846.105011
845.47998,848.460022,843.75,846.02002,2247600,849.9299925
848,853.070007,846.789978,850.5,2286500,853.355011
851,856.400024,850.309998,853,2048200,854.5349735
857,857.349976,851.719971,852.460022,2436400,853.700012
851.77002,855.690002,851.710022,854.590027,1909700,850.649994
853.549988,853.75,847.549988,852.530029,2130600,850.7799985
854.330017,854.450012,847.109985,852.969971,2562200,853.005005
855.299988,855.5,850.51001,853.419983,1842300,852.235016
853.48999,853.830017,850.640015,852.309998,3384400,854.404999
851.51001,857.799988,851.01001,856.969971,2282700,852.054993
858.840027,862.799988,841.309998,843.200012,4382900,844.2099915
840.429993,849.369995,839.049988,848.059998,2658700,847.8450015
848.200012,850.890015,844.799988,847.380005,1953000,847.6650085
851.679993,851.799988,843.530029,845.609985,2138300,841.899994
838.070007,850.299988,833.5,846.820007,2755800,854.279999
851.75,858.460022,850.099976,856,3041600,867.730011
859.049988,876.440002,859.02002,874.320007,4485800,874.3599855
874.950012,877.059998,871.659973,876.340027,2762700,883.5
877,890.349976,876.650024,886.539978,3957600,889.4549865
888,893.48999,885.419983,891.51001,3422300,899.4100035
891.5,908.539978,890.280029,906.830017,4984700,914.669983
910.820007,923.719971,905.619995,909.280029,7508400,905.839996
913.799988,917.190002,894.48999,898.280029,6344100,894.7000125
899.650024,900.090027,889.309998,894.880005,3710900,903.755005
899.630005,908.51001,899,907.039978,3184300,904.369995
907.039978,911.23999,897.5,902.359985,3012700,899.6700135
903.090027,904.090027,895.25,896.22998,2456100,889.7299805
891.450012,894.969971,884.48999,884.669983,3174600,894.9400025
887.5,902.380005,887.5,901.98999,2854700,905.195007
900.98999,909.609985,900.780029,903.780029,2999200,903.9349975
907.840027,910.5,897.369995,899.200012,2870200,900.8049925
899.700012,905.320007,896.289978,902.059998,2814400,900.210022
902.669983,903.650024,896.77002,898.530029,2420500,906.9049985
908.679993,909.98999,903.820007,907.409973,3122900,906.23999
907.039978,909.47998,903,907.619995,3380600,911.654999
910.299988,915.75,907.559998,909.289978,2608900,916.984985
914.390015,921.859985,912.109985,918.380005,5305500,936.960022
948.830017,949.590027,924.330017,924.98999,7335800,941.100006
927.799988,954.400024,927.799988,948.22998,5466500,945.7549745
946.650024,950.099976,941.409973,946.940002,3848800,940.950012
946,946,935.900024,941.030029,3582700,939.6099855
944.75,945,934.219971,937.530029,2418400,935.544983
940.52002,940.789978,930.299988,934.150024,2866400,944.130005
940.950012,949.049988,939.210022,949.039978,3415700,954.0450135
952.799988,957.890015,950.200012,952.820007,3262100,949.375
953.5,953.75,945,948.950012,2096500,945.5350035
945.109985,950.289978,940.780029,947.619995,2194100,957.1600035
954.5,962.789978,951.530029,961.349976,3625900,959.605011
958.72998,963.150024,956.059998,957.969971,4270600,965.4849855
961,970.059998,960.909973,966.070007,3126100,952.2600095
954.700012,960.400024,944.119995,944.76001,5145600,953.755005
944.799988,962.75,944.76001,958.48999,3939300,964.319977
962.840027,968.919983,959.719971,959.840027,3972100,967.1400145
964,971.380005,962.900024,970.669983,2642200,971.024994
975.02002,975.200012,966.849976,971.539978,2415600,975.61499
976,981,970.22998,980.349976,2446000,990.5549925
984.849976,999,982.109985,993.380005,4822000,993.950012
995,998.650024,989.25,995.780029,3469200,998.360016
996.51001,1001.200012,995.52002,996.700012,3263100,991.139984
1000,1000.119995,982.159973,994.619995,3913100,995.1799925
998.590027,998.98999,991.369995,995.950012,2454800,1002.074982
998.98999,1008.47998,995.669983,1006.72998,3752300,1008.360016
1007.22998,1013.210022,1003.51001,1011.340027,2719900,1008.875
1012,1016.5,1001.25,1003,3346400,1006.125
1005.950012,1010.25,1002,1010.070007,2823000,1009.859985
1012.059998,1013.609985,1006.109985,1010.27002,2753300,969.994995
1012.5,1012.98999,927,978.309998,7647700,960.475006
967,975.950012,945,964.909973,9447200,975.299988
977.98999,984.5,966.099976,980.789978,4580000,978.5250245
988.590027,990.340027,966.710022,976.469971,3974900,958.2949825
958.700012,965.72998,950.859985,964.169983,5373900,990.875
996,999.75,982,987.710022,11472700,1003.450012
1017,1017,989.900024,995.169983,5043400,998.4500125
998,1004.880005,992.02002,992.590027,4076800,997.6849975
998.700012,1002.719971,992.650024,1002.22998,2922500,1002.080017
1002.22998,1006.960022,997.200012,1001.299988,2253400,1001.320008
1002.539978,1004.619995,998.02002,1003.73999,2879100,1000.899994
1008.5,1009.799988,992,993.97998,3386200,987.399994
990.690002,998.799988,976,976.780029,3782400,979.9450075
978.549988,990.679993,969.210022,990.330017,3737600,976.404999
979,987.559998,965.25,975.929993,4303000,975.539978
980.119995,983.469971,967.609985,968,3390300,962.744995
972.789978,974.48999,951,953.659973,2909100,965.125
961.530029,975,955.25,971.400024,3653000,966.710022
964.659973,974.400024,959.02002,965.140015,3259600,974.625
969.549988,980.109985,969.140015,978.76001,2643400,991.470001
985,999.440002,983.5,996.469971,3546300,989.8549805
993,995.98999,983.719971,994.130005,2982700,1003.324982
1000.650024,1008.549988,998.099976,1006.51001,3608600,1001.390015
1004.619995,1006.880005,995.900024,1000.630005,2880800,1000.670014
1002.400024,1004.450012,996.890015,1001.809998,2102500,1009.279999
1004.690002,1014.75,1003.809998,1010.039978,3712600,1015.015015
1006,1026.030029,1004,1024.449951,4007600,1027.044983
1025,1031.589966,1022.5,1026.869995,2964000,1028.744996
1031.589966,1034.969971,1022.52002,1028.699951,3097500,1018.549988
1021.280029,1026.099976,1011,1025.670044,2734600,1035.220032
1028.339966,1043.01001,1027.430054,1038.949951,3288000,1037.904968
1038.050049,1043.329956,1032.47998,1039.869995,2447600,1048.199951
1043.199951,1053.199951,1043.199951,1052.800049,2921300,1061.745057
1069.550049,1083.310059,1040.180054,1046,10991700,1016.924988
1012.140015,1032.849976,1001,1020.039978,7709400,1003.035004
1019.049988,1019.049988,987.02002,987.780029,7352100,998.9900205
996.109985,1006.400024,991.580017,996.190002,4572600,992.470001
1001.77002,1003.210022,981.72998,995.890015,4070000,992.0450135
999.469971,999.5,984.590027,986.919983,3255800,986.8349915
989.679993,991.669983,982,987.580017,2730300,991.0700075
990.650024,995,987.140015,992.27002,2676600,991.0350035
994.349976,996.280029,985.789978,989.840027,2902800,981.63501
982.599976,988,975.27002,982.01001,3569700,967.269989
976.299988,979.859985,954.679993,956.919983,5684100,960.88501
960,970.390015,951.380005,967.98999,3468000,980.845001
978.409973,985.5,976.190002,983.299988,3042800,986.869995
988.900024,991.73999,982,982.73999,2549300,979.8399965
981.650024,986.460022,973.219971,978.179993,3132100,969.080017
977.840027,977.840027,960.320007,960.570007,3512400,960.0400085
961.400024,965.429993,954.650024,958.469971,3284800,953.330017
957.570007,961.200012,945.460022,953.289978,3164500,961.7149965
955.52002,967.929993,955.5,966.900024,2750000,958.100006
959.380005,962,954.200012,958,2668300,950.0700075
957.419983,959,941.140015,952.450012,5195700,950.8599855
956,957.619995,944.099976,945.26001,3324800,947.625
946.539978,953,942.25,946.02002,2596700,946.1650085
940,956,936.330017,954.059998,2874300,963.159973
958.440002,969.409973,956.909973,967.590027,2904600,976.880005
974.700012,981,972.76001,980.599976,3331500,980.6900025
984.200012,984.5,976.880005,978.25,2535900,968.5700075
975.400024,976.77002,960.369995,965.27002,2883200,966.2200015
968.320007,971.840027,960.599976,967.799988,2129900,976.5700075
974,980.590027,972.549988,979.469971,2566800,971.674988
979.099976,979.880005,963.469971,965.900024,2605300,978.0799865
974.460022,981.940002,974.219971,977.960022,2186700,980.0950015
983.27002,984.669983,975.52002,982.580017,2481100,989.7099915
983.969971,1000,979.419983,999.599976,3374700,993.149994
996.799988,998.559998,987.73999,992.210022,3913300,990.1400145
993.01001,996.25,984.030029,986.789978,3760200,980.4799805
990.400024,992.789978,968.169983,974.190002,3411300,972.850006
977.25,978.23999,967.460022,969.859985,2671100,968.4849855
971.789978,974.809998,962.159973,973.210022,2888800,966.860016
971.309998,971.700012,962.02002,964.650024,2337600,960.014984
961.01001,965.609985,954.419983,955.099976,2641800,941.154999
949.309998,949.419983,932.890015,939.789978,5124000,940.1900025
945.48999,948.630005,931.75,938.599976,3564800,949.299988
948,955.299988,943.299988,950.869995,3148900,954.899994
951.859985,959.700012,950.099976,956.400024,2522600,961.605011
960.109985,964.830017,958.380005,961.349976,2543800,959.7149965
964,967.309998,952.119995,959.190002,2442900,957.0299985
958,963.690002,950.369995,957.099976,2666600,960.919983
954.210022,967.789978,954.049988,965.450012,2527400,975.5750125
970,981.51001,969.640015,980.849976,3229200,985.6950075
975.640015,995.75,975.640015,989.580017,3782100,993
993.23999,998.5,987.5,990.98999,2938600,989.024994
996.669983,997.950012,980.099976,987.200012,3084900,991.100006
991.27002,995.5,986.700012,995,2337100,1000.420013
996.809998,1008.440002,992.400024,1000.929993,4067300,1004.400025
1007,1007.77002,1001.030029,1002.940002,2431500,1005.304993
1008.440002,1009.570007,1001.039978,1006.340027,2008900,1007.924988
1005.590027,1011.469971,1004.380005,1009.130005,2319700,1009.429993
1009.27002,1022.309998,996.549988,997,2499700,985.644989
990,991.049988,980.23999,986.609985,3108200,988.3099975
993.530029,994.619995,982,982.909973,2365100,974.6400145
986.72998,986.780029,962.5,966.299988,3494100,972.424988
969,979.849976,965,975.900024,2723900,975.339996
978,984.440002,966.23999,972.909973,3033100,975.725006
980.330017,982.900024,968.549988,972.429993,5618700,1078.065003
1058.140015,1105.579956,1050.550049,1100.949951,16565000,1108.175049
1095.01001,1122.790039,1093.560059,1110.849976,6613100,1105.830017
1109,1110.540039,1101.119995,1105.280029,3477000,1102.854981
1105.400024,1108.969971,1096.73999,1103.680054,3755500,1094.404968
1097.810059,1101.939941,1086.869995,1094.219971,3684900,1100.600037
1091.150024,1112.680054,1088.52002,1111.599976,3751500,1117.090027
1109.150024,1125.410034,1108.77002,1120.660034,3327800,1124.049988
1124.73999,1130.599976,1117.5,1123.170044,2689000,1127.325012
1122.819946,1135.540039,1119.109985,1132.880005,2581500,1122.695008
1125.959961,1129.619995,1115.77002,1129.130005,3732700,1127.90503
1126.099976,1131.75,1124.060059,1125.349976,2179900,1131.119995
1123,1139.900024,1122.339966,1129.170044,2918400,1130.945008
1130.109985,1138,1123.890015,1136.839966,3138400,1126.690003
1127.01001,1131.75,1121.630005,1126.689941,3928700,1134.105042
1130.160034,1138.160034,1130.050049,1137.290039,2213300,1132.305054
1138.280029,1138.800049,1125.810059,1129.880005,2413400,1127.985047
1129.77002,1133.420044,1122.550049,1126.310059,2163900,1134.099976
1132.859985,1140,1128.199951,1139.48999,2479400,1150.63501
1141,1160.27002,1141,1156.160034,3555300,1173.769959
1160.699951,1186.839966,1160.699951,1186,3528000,1202.280029
1202.660034,1213.410034,1191.150024,1195.829956,6744000,1196.929993
1204.880005,1205.339966,1188.52002,1193.599976,4559400,1169.994995
1194.800049,1194.800049,1145.189941,1161.27002,9257500,1169.284973
1167.099976,1178.569946,1160,1176.75,4509200,1165.825012
1172.050049,1179.650024,1152,1162.349976,4107100,1151.599976
1173.849976,1175.199951,1128,1133.949951,5931900,1142.005005
1128.26001,1159.27002,1124.73999,1141.569946,4079800,1145.984986
1137.98999,1155.890015,1136.079956,1152.349976,2853300,1157.094971
1156.589966,1163.189941,1151,1159.790039,2511600,1164.945008
1170.400024,1172.790039,1157.099976,1162,3050100,1163.450012
1164.599976,1169.900024,1157,1168.920044,2363500,1167.604981
1166.51001,1173.599976,1161.609985,1165.079956,2235900,1165.570008
1170,1170.869995,1160.27002,1164.130005,2616800,1170.190003
1163.709961,1177.930054,1162.449951,1174.26001,3214300,1176.039978
1179.030029,1182.75,1169.329956,1179.140015,4778600,1187.845032
1187.369995,1194.780029,1180.910034,1190.579956,2947600,1186.054993
1189.150024,1192.969971,1179.140015,1187.380005,2587800,1183.5
1190.5,1191,1176,1177.619995,2371200,1173.40503
1175.900024,1179.170044,1167.640015,1174.76001,2123100,1171.224976
1172.079956,1174.619995,1167.829956,1168.359985,1585100,1169.434998
1168.359985,1178.319946,1160.550049,1176.76001,2005200,1181.450012
1179.910034,1187.290039,1175.609985,1182.26001,1867200,1187.239991
1189,1190.099976,1184.380005,1186.099976,1841700,1175.75
1182.349976,1184,1167.5,1169.469971,2688400,1180.255005
1172,1190,1170.51001,1189.01001,2694500,1196.89502
1188.300049,1205.48999,1188.300049,1204.199951,3108800,1210.265015
1205,1215.869995,1204.660034,1209.589966,3022100,1219.570008
1217.51001,1229.140015,1210,1229.140015,3544700,1242.554993
1236,1253.079956,1232.030029,1246.869995,4279500,1250.544983
1256.900024,1259.329956,1241.76001,1252.699951,3661300,1245.779968
1245.150024,1254.329956,1237.22998,1254.329956,2686000,1266.614991
1259.73999,1276.77002,1256.459961,1276.680054,3125000,1289.575013
1273.390015,1305.76001,1273.390015,1305.199951,5443700,1316.119995
1323,1339.939941,1292.300049,1304.859985,7220700,1297.440003
1312.23999,1314,1280.880005,1295,5221400,1294.309998
1293.949951,1304.599976,1284.02002,1293.319946,4026900,1302.994995
1312,1313,1292.98999,1294.579956,4578500,1312.054993
1297.170044,1327.449951,1296.660034,1327.310059,4140100,1351.119995
1338.089966,1364.900024,1337.339966,1362.540039,5169300,1363.080017
1374.819946,1388.160034,1338,1357.51001,6807500,1367.979981
1368,1378.339966,1357.619995,1377.949951,4753000,1391.720032
1392.01001,1402.530029,1380.910034,1402.050049,4857300,1415.914978
1409.180054,1431.390015,1400.439941,1417.680054,5701900,1415.625
1403.170044,1439.25,1392,1437.819946,5871900,1461.309998
1451.300049,1472.579956,1450.040039,1450.890015,6424700,1422.51001
1445,1459.880005,1385.140015,1390,9113800,1456
1477.390015,1498,1414,1429.949951,11125700,1389.849976
1402.619995,1458.97998,1320.719971,1390,11495000,1397.890015
1361.459961,1443.98999,1351.790039,1442.839966,11066800,1438.070007
1449,1460.98999,1415.150024,1416.780029,7162700,1391.844971
1429.680054,1433.75,1349.939941,1350.5,8578600,1324.715027
1373.48999,1383.5,1265.930054,1339.599976,14141500,1368.910035
1364.670044,1393.810059,1344.01001,1386.22998,6738900,1401.625
1385.930054,1419.719971,1383.530029,1414.51001,5917900,1427.710022
1406.25,1452.060059,1403.359985,1451.050049,5959200,1452.889954
1466.890015,1468.939941,1436.839966,1461.76001,5652700,1456.180054
1457.369995,1465.800049,1446.560059,1448.689941,4472600,1467.630005
1446.48999,1488.77002,1446.48999,1468.349976,6499200,1491.205017
1485,1503.48999,1478.920044,1482.920044,6304400,1489.150025
1495.359985,1502.540039,1475.76001,1485.339966,4858100,1493.25
1495.339966,1500,1486.5,1500,4418100,1514.919983
1509.199951,1522.839966,1507,1521.949951,4955000,1516.994995
1524.5,1526.780029,1507.209961,1511.97998,4808800,1520.349976
1519.51001,1528.699951,1512,1512.449951,4515000,1491.744995
1513.599976,1518.48999,1465,1493.449951,6835200,1478.03003
1469.099976,1501.050049,1455.01001,1500.25,6587600,1503.190003
1494.23999,1525.380005,1481,1523.609985,5233900,1535.065003
1533.199951,1542.130005,1528,1537.640015,4561700,1534.205017
1526.52002,1545.900024,1522.51001,1545,4174100,1550.065003
1550,1554.880005,1545.25,1551.859985,3862600,1569.009949
1563.5,1578.939941,1559.079956,1578.890015,4534300,1596.014954
1592.599976,1605.329956,1586.699951,1598.390015,5174200,1597.775025
1615.959961,1617.540039,1578.01001,1588.180054,6531900,1598.664978
1597,1606.439941,1590.890015,1591,4259400,1587.51001
1595,1596.910034,1578.109985,1582.319946,4069700,1578.469971
1583.449951,1589.439941,1567.5,1571.680054,5425000,1543.505005
1554.530029,1561.660034,1525.349976,1544.930054,6580800,1566.205017
1550.339966,1587,1545.410034,1586.51001,4581600,1576.585022
1586.449951,1590,1563.170044,1581.859985,4750800,1558.125
1565.469971,1573.849976,1542.400024,1544.920044,6320600,1522.190003
1539.01001,1549.02002,1495.359985,1495.560059,8006000,1528.119995
1530,1556.98999,1499.25,1555.859985,5624700,1529.144959
1572.400024,1575.969971,1482.319946,1497.050049,6999600,1421.035034
1447,1455.900024,1386.170044,1431.420044,13705300,1410.334961
1406,1455.469971,1365.199951,1447.339966,12581100,1388.179993
1417.619995,1421.359985,1355,1371.98999,10463600,1384.664978
1391.380005,1414,1355.329956,1392.050049,10231200,1384.13501
1358.23999,1415.390015,1352.880005,1410.569946,6982300,1443.315003
1441.98999,1459.560059,1427.069946,1451.75,6413500,1426.380005
1429.969971,1452.5,1400.26001,1405.22998,5882300,1420.524963
1425.030029,1438.47998,1402.569946,1406.079956,4208200,1427.039978
1431.98999,1438.380005,1415.699951,1436.219971,4254100,1436.835022
1439.439941,1448.780029,1424.890015,1427.050049,3582500,1443.590027
1439.5,1452.119995,1435.060059,1448.5,3135000,1442.150025
1449.140015,1459.780029,1424.52002,1430.790039,3685300,1437.23999
1445,1447,1427.47998,1441.5,2808600,1482.104981
1462.300049,1507.189941,1457.02002,1503.829956,5114400,1518.955017
1514.650024,1533.800049,1504.109985,1527.839966,5227500,1553.79004
1543.219971,1568.52002,1539.060059,1556.910034,6523700,1538.644959
1561.199951,1561.199951,1516.089966,1527.48999,5541600,1525.705017
1546.689941,1548,1503.410034,1517.859985,4465400,1493.974976
1535.800049,1539.5,1448.449951,1460.089966,7494700,1442.505005
1458,1469.98999,1415.02002,1460.170044,6587300,1503.960022
1485.01001,1529.420044,1478.5,1517.959961,8801100,1602.744996
1634.01001,1638.099976,1567.390015,1572.619995,13053200,1578.469971
1582.5,1596,1560.939941,1566.130005,5464100,1568.590027
1563.219971,1585,1552.180054,1582.26001,4572100,1577.429993
1580.97998,1588.5,1566.359985,1569.680054,4360300,1560.410035
1560.01001,1574.800049,1546.02002,1572.079956,4251900,1573.544983
1562.449951,1584.900024,1562.189941,1580.949951,3443600,1597.389954
1589.339966,1606.949951,1587.829956,1600.140015,3801900,1589.695008
1595,1596.880005,1582.51001,1592.390015,3067900,1600
1600,1608,1592,1608,3637300,1609.519959
1608.47998,1615.599976,1603.439941,1609.079956,2817500,1604.494996
1610.98999,1611.099976,1597.890015,1602.910034,2263900,1605.615052
1604,1611.180054,1600.050049,1601.540039,2509500,1576.51001
1587.800049,1587.800049,1565.219971,1576.119995,5077500,1585.550049
1577.5,1594.430054,1576.670044,1587.280029,2570600,1583.52002
1580.560059,1594.040039,1573,1581.76001,2147600,1577.844971
1581.329956,1583.589966,1572.099976,1574.369995,2642600,1583.525025
1585,1592.050049,1575,1585.459961,2925200,1582.570008
1589.890015,1589.890015,1575.25,1581.400024,2115600,1584.099976
1571.050049,1601.859985,1566.339966,1601.859985,3299800,1598.309998
1598.030029,1608.23999,1588.380005,1603.069946,3430000,1607.284973
1603,1614.119995,1600.449951,1610.150024,2698400,1610.970032
1600.709961,1621.790039,1600.150024,1612.869995,3846500,1619.465027
1618.099976,1626,1612.930054,1624.890015,2907400,1628.174988
1623,1635,1621.349976,1629.619995,3166300,1640.909973
1637.030029,1646.72998,1635.089966,1641.540039,3313400,1655.585022
1648.900024,1665.680054,1645.48999,1665.27002,3187700,1684.53003
1672.98999,1699,1670.060059,1696.349976,4782200,1700.484986
1704.51001,1714.5,1686.469971,1695.75,5473200,1688.005005
1698.560059,1699.900024,1676.109985,1689.300049,3765700,1681.224976
1681.119995,1689.439941,1673.01001,1683.98999,2955100,1687.414978
1681.51001,1694.23999,1680.589966,1689.119995,2335500,1695.515015
1693,1699.51001,1691.52002,1698.75,2259200,1706.934998
1702.810059,1713.75,1700.119995,1704.859985,3327500,1716.835022
1713.47998,1724.800049,1708.869995,1723.859985,3174400,1714.695008
1714,1720.869995,1708.52002,1715.969971,4777600,1714.650025
1706.26001,1726.73999,1702.560059,1723.790039,3107700,1718.25
1709.040039,1736.109985,1700.390015,1734.780029,4290100,1752.14502
1742.5,1762.930054,1741.359985,1750.079956,4332600,1740.330018
1760,1763.099976,1717.560059,1730.219971,4941100,1727.450012
1742.619995,1743,1711.900024,1715.670044,4075100,1675.65503
1702.51001,1705,1646.310059,1663.150024,7511200,1682.454956
1672.369995,1701.569946,1663.339966,1691.089966,4386600,1685.974976
1708.109985,1711.949951,1660,1660.51001,4872200,1683.335022
1672.540039,1705.5,1661.170044,1701.449951,4529700,1708.86499
1717,1723.410034,1694.319946,1699.800049,4543500,1695.975037
1682.699951,1713.890015,1678.060059,1713.780029,3185700,1708.73999
1723.959961,1725,1692.47998,1693.959961,2177300,1696.419983
1705.380005,1710.689941,1682.150024,1699.72998,2983100,1703.470032
1696,1715.27002,1691.670044,1710.630005,2650300,1727.89502
1724.050049,1739.560059,1716.22998,1739.02002,3012000,1740.5
1738.530029,1750,1731,1743.069946,3002900,1745.479981
1737.98999,1756.959961,1734,1755,3209800,1780.090027
1764.51001,1798,1762.180054,1796.619995,4532700,1805.265015
1803.930054,1815.300049,1795.22998,1813.030029,4383200,1828.199951
1821.949951,1841.949951,1814.449951,1822.48999,5466200,1824.534973
1811.560059,1851.689941,1797.380005,1843.930054,5682900,1845.075013
1848,1858.880005,1831.27002,1842.920044,4861900,1826.13501
1829.459961,1841,1811.27002,1812.969971,4676900,1822.450013
1825.01001,1834.839966,1810.060059,1813.699951,3884400,1794.494995
1812.209961,1819,1769.98999,1802,3888500,1824.690003
1829.01001,1840,1809.380005,1829.23999,4278700,1843.239991
1829.300049,1863.839966,1822.640015,1863.609985,3738200,1824.590027
1839,1844.680054,1804.5,1808,9924400,1843.290039
1876.050049,1880.050049,1806.530029,1817.27002,9681000,1797.76001
1827.329956,1829.5,1766.02002,1779.219971,6562300,1770.574951
1786.48999,1801.829956,1739.319946,1777.439941,5738700,1787.229981
1784,1798.439941,1776.02002,1797.170044,4153100,1811.28003
1788.77002,1836.560059,1786,1834.329956,4354700,1831.25
1837.73999,1841,1821.5,1823.290039,3460500,1833.345032
1825.810059,1847.77002,1818.920044,1847.75,3391800,1857.994996
1854.530029,1869.719971,1846.27002,1862.47998,3377500,1873.005005
1861,1891.51001,1854.5,1886.52002,3963000,1896.024963
1882,1914.569946,1877.47998,1898.52002,4849900,1888.854981
1888.51001,1899.5,1878.209961,1886.300049,3639900,1909.335022
1898.5,1925,1893.670044,1896.199951,5512600,1910.505005
1919.390015,1921.01001,1900,1919.650024,3986100,1893
1909.550049,1916.209961,1869.790039,1882.619995,7700700,1894.275025
1903.939941,1905,1883.550049,1886.52002,3957100,1871.775025
1885.800049,1888,1855.550049,1882.219971,4104300,1878.90503
1890.569946,1891.75,1866.060059,1876.709961,2862000,1886.080017
1880,1897.75,1874.410034,1883.420044,3105600,1891.220032
1876.640015,1905.800049,1876.640015,1904.900024,3080500,1910.130005
1907.170044,1919.5,1900.76001,1902.900024,3563000,1909.275025
1910.51001,1916.01001,1902.540039,1905.390015,2800900,1918.48999
1915,1927.699951,1909.280029,1927.680054,3569000,1935.299988
1937.72998,1941.780029,1928.819946,1932.819946,3100700,1973.814941
1953.449951,1998.689941,1948.939941,1998.099976,6531800,2006.234985
1997.420044,2025.569946,1986.900024,2002.380005,7277300,2013.559998
2007,2022.380005,2004.73999,2012.709961,4204400,2031.75
2026.5,2050.5,2013,2039.51001,5721100,2015.13501
2038.109985,2040.380005,1989.890015,1994.819946,8220600,1971.354981
2006.51001,2007.5,1935.209961,1958.310059,7488700,1956.274964
1938.709961,1975.199951,1937.349976,1952.069946,4892600,1952.28003
1971,1973.040039,1931.52002,1939.01001,4544800,1952.940003
1928.27002,1988.880005,1917,1987.150024,5033600,1981.219971
1994,2000,1962.439941,1990,4414000,1995.39502
2000,2008.76001,1982.030029,1989.869995,3621500,1976.434998
1992.930054,1993.650024,1959.219971,1970.189941,3642000,1922.11499
1954.72998,1956.819946,1887.410034,1908.030029,7050200,1936.819946
1918.650024,1958.199951,1915.439941,1941.050049,4268700,1922.86499
1940.5,1940.829956,1904.900024,1926.420044,4056800,1943.625
1938.579956,1955,1932.25,1944.300049,3154900,1933.90503
1954.219971,1957.310059,1910.5,1915.01001,6855900,1900.940003
1903.790039,1936.880005,1865,1934.359985,4213700,1957.380005
1942.900024,1975.910034,1938.849976,1974.550049,4538400,1978.38501
1968.5,1995.25,1961.52002,1974.849976,4313500,2002.369995
1993.23999,2016.160034,1988.579956,2012.97998,4329400,2011.489991
2004.410034,2026.52002,1996.459961,2003,4085100,2018.394959
2021.98999,2033.189941,2003.599976,2004.359985,3460500,1989.580018
1999.98999,2013.390015,1965.77002,1971.310059,5400700,1969.755005
1981.699951,1989.699951,1949.810059,1952.76001,5253100,1926.284973
1949,1956,1896.569946,1909.420044,7257000,1895.954956
1917.98999,1929.079956,1862.829956,1889.650024,6822300,1866.330017
1874,1902,1830.660034,1864.420044,7393200,1874.5
1859.98999,1896.680054,1852.319946,1870.319946,4772900,1806.485047
1857.890015,1858.560059,1754.410034,1755.25,10988900,1720.25
1724,1755.400024,1685.099976,1719.359985,13935900,1775.73999
1808,1808.949951,1742.530029,1788.609985,9444600,1764.640015
1795,1795.050049,1734.22998,1760.949951,6437200,1792.715027
1783.5,1823.880005,1761.550049,1819.959961,5859900,1826
1842.790039,1845,1807,1831.72998,5295200,1799.01001
1821.48999,1830.150024,1767.869995,1770.719971,5874000,1781.049988
1785.160034,1809.099976,1753,1764.030029,5907200,1782.75
1784,1809.5,1756,1789.300049,4500000,1745.169983
1742.23999,1776.339966,1714,1768.699951,6723900,1717.13501
1773.699951,1777.709961,1656.560059,1664.199951,6928400,1743.410035
1703.339966,1794.810059,1692.01001,1782.170044,10285700,1650.729981
1649.589966,1698.459961,1603,1642.810059,14963800,1580.369995
1660,1665.73999,1495,1538.880005,13866100,1508.674988
1486.160034,1540.98999,1476.359985,1530.420044,12460100,1594.5
1569.98999,1623.910034,1565.089966,1598.01001,9390200,1634.444946
1623.530029,1670.449951,1598.439941,1665.530029,8135500,1674.634949
1678.589966,1697.439941,1651.829956,1665.530029,6955500,1627.224976
1657.569946,1658.089966,1596.359985,1627.800049,5624700,1639.775025
1618.349976,1665,1614.550049,1642.810059,4257400,1711.654968
1673,1759.22998,1664.079956,1755.48999,8192200,1754.554993
1755,1784,1725.109985,1754.910034,6534900,1722.89502
1732.5,1743.920044,1701.869995,1712.430054,5902200,1669.28003
1698.23999,1708.550049,1630.01001,1636.849976,6806200,1645.40503
1649.290039,1677.060059,1613.75,1631.170044,5933300,1635.034973
1656.319946,1673,1597.069946,1599.01001,6486900,1585.664978
1581.01001,1624.819946,1546.51001,1619.439941,8427300,1593.799988
1587.5,1614.47998,1573.119995,1593.410034,6066100,1542.274963
1577.01001,1581.189941,1503.359985,1512.290039,7790000,1477.375
1437.5,1534.75,1420,1495.459961,10878800,1532.5
1542.98999,1550,1515,1516.72998,5716800,1519.005005
1517,1536.199951,1501.810059,1502.060059,2707600,1554.515015
1539,1584.810059,1524.219971,1581.329956,6257700,1577.830017
1575.98999,1597.650024,1558.01001,1581.420044,5783200,1641.334961
1613.920044,1681.449951,1601.219971,1677.75,8458700,1671.159973
1674.98999,1689.98999,1652.329956,1673.569946,6613200,1681.25
1679.5,1696,1666.5,1690.170044,5761800,1754.169983
1769.459961,1778.339966,1730,1772.359985,6862300,1717.669983
1756,1770.339966,1665,1668.400024,8694500,1655.450013
1614.869995,1701.050049,1609.849976,1699.189941,8789400,1672.195008
1705.069946,1718.930054,1625.459961,1629.130005,7576100,1624.429993
1623.839966,1657.98999,1590.869995,1641.030029,7494800,1649.534974
1678,1679.469971,1619.599976,1643.23999,6244700,1682.630005
1669,1704.98999,1660.27002,1663.540039,6598000,1666.809998
1680,1692.119995,1641.5,1658.380005,5271300,1613.784973
1638,1642.569946,1585,1591.910034,6367200,1540.570008
1566,1576.130005,1505.01001,1520.910034,8829800,1545.28003
1540,1567.550049,1523.01001,1551.47998,6523000,1533.855042
1543.050049,1584.530029,1483.180054,1495.079956,8792200,1471.094971
1484,1509.5,1432.689941,1460.829956,9991800,1421.979981
1464.98999,1480,1363.959961,1377.449951,13640300,1351.515015
1346,1396.030029,1307,1343.959961,7220000,1418.085022
1368.890015,1473.160034,1363.01001,1470.900024,10411800,1429.65503
1454.199951,1469,1390.310059,1461.640015,9722000,1481.234986
1473.349976,1513.469971,1449,1478.02002,8829000,1503.880005
1510.800049,1520.76001,1487,1501.969971,6954500,1507.14502
1465.199951,1553.359985,1460.930054,1539.130005,7983100,1517.554993
1520.01001,1538,1497.109985,1500.280029,6953200,1556.15503
1530,1594,1518.310059,1575.390015,9182600,1611.875
1602.310059,1634.560059,1589.189941,1629.51001,7993200,1646.609985
1664.689941,1676.609985,1616.609985,1656.579956,8881400,1654.600037
1652.97998,1667.800049,1641.400024,1659.420044,6348800,1642.434998
1641.01001,1663.25,1621.619995,1656.219971,6507700,1648.255005
1640.550049,1660.290039,1636.219971,1640.560059,4686200,1621.674988
1615,1648.199951,1595.150024,1617.209961,6005900,1650.585022
1632,1675.160034,1626.01001,1674.560059,5998500,1690.440003
1684.219971,1705,1675.880005,1683.780029,6366900,1688.835022
1680,1700.170044,1677.5,1693.219971,4208900,1703.869995
1712,1716.199951,1691.540039,1696.199951,6020500,1646.034973
1681,1681.869995,1610.199951,1632.170044,6416800,1634.715027
1656,1657.430054,1612,1640.02002,5225200,1644.52002
1641.069946,1657.26001,1631.780029,1654.930054,4089900,1672.544983
1670.5,1683.47998,1661.609985,1670.569946,4945900,1629.544983
1643.589966,1645,1614.089966,1637.890015,4837700,1611.549988
1631.27002,1632.380005,1590.719971,1593.880005,4632800,1648.315003
1623,1676.949951,1619.680054,1670.430054,5783800,1707.744995
1692.849976,1736.410034,1679.079956,1718.72998,10910300,1647.535035
1638.880005,1673.060059,1622.01001,1626.22998,11506200,1631.565003
1623,1649.630005,1613.5,1633.310059,4929100,1653.880005
1643.339966,1665.26001,1642.5,1658.810059,4453100,1652.799988
1670.75,1672.26001,1633.339966,1640.26001,3939900,1609.225037
1625,1625.540039,1592.910034,1614.369995,4626600,1577.674988
1586,1588.589966,1566.76001,1588.219971,5657500,1597.64502
1600.97998,1609.290039,1586,1591,3317300,1619.140015
1604,1639.400024,1598.880005,1638.01001,4858600,1646.744995
1647,1656.380005,1637.109985,1640,3560300,1621.980042
1624.5,1637.900024,1606.060059,1622.650024,4120500,1616.705017
1627.859985,1628.910034,1604.5,1607.949951,4343900,1617.28003
1601,1634,1600.560059,1627.579956,3681700,1622.525025
1630,1634.930054,1610.119995,1622.099976,3337600,1612.235047
1619.849976,1623.560059,1600.910034,1619.439941,3483400,1628.054993
1623.5,1634.939941,1621.170044,1631.560059,3096200,1642.494996
1641.449951,1654.599976,1630.390015,1633,3184500,1628.059998
1625.97998,1639.98999,1616.130005,1636.400024,2665800,1628.455018
1628.180054,1641.810059,1615.099976,1641.089966,3148800,1642.799988
1635.25,1651.77002,1633.829956,1639.829956,3025900,1662.630005
1655.130005,1674.26001,1651,1671.72998,4974900,1691.89502
1685,1709.430054,1674.359985,1696.170044,6167400,1698.40503
1702.949951,1707.800049,1689.01001,1692.430054,3681500,1683.015015
1695.969971,1697.75,1668.280029,1668.949951,3996000,1645.130005
1667.369995,1669.75,1620.51001,1625.949951,4948100,1604.644959
1604.01001,1622.719971,1586.569946,1620.800049,4667000,1649.150025
1626.119995,1672.290039,1626.01001,1670.619995,3876400,1672.625
1669,1684.27002,1660.97998,1673.099976,3614500,1689.674988
1683,1700,1679.349976,1690.810059,3552000,1693.169983
1691.199951,1702,1684.339966,1686.219971,2946600,1705.965027
1703,1718.800049,1693.130005,1712.359985,7550900,1731.315003
1712.699951,1750,1712.630005,1742.150024,5429100,1768.835022
1753.51001,1784.160034,1753.51001,1761.849976,6364200,1783.265015
1769.939941,1799.5,1767.030029,1797.27002,6265600,1805.515015
1796.26001,1823.75,1787.280029,1819.26001,5767800,1791.044983
1810.170044,1818.97998,1763.109985,1764.77002,6363000,1765.090027
1757.790039,1782.680054,1747.5,1774.26001,5103800,1789.565003
1793,1805.77002,1773.359985,1783.76001,4865900,1766.590027
1784.130005,1787.5,1745.680054,1765.699951,4324800,1765.700013
1770,1777.930054,1753.469971,1773.420044,3043000,1784.744995
1786.579956,1792.859985,1776.630005,1780.75,3320800,1807.200012
1800.109985,1815.670044,1798.72998,1814.189941,4238800,1812.559998
1811.02002,1820,1805.119995,1813.97998,3448100,1819.809998
1826.719971,1830,1809.619995,1820.699951,3980600,1816.474976
1820.650024,1828.75,1804.199951,1818.859985,3623900,1831.884949
1829,1838.579956,1825.189941,1837.280029,3640500,1837.654968
1833.22998,1850.199951,1825.109985,1849.859985,3752800,1842.434998
1845.48999,1853.089966,1831.780029,1835.839966,3714400,1838.40503
1841,1848,1828.810059,1847.329956,2964000,1845.130005
1848.699951,1849.949951,1840.310059,1844.069946,2654800,1846.400025
1848.400024,1851.5,1841.300049,1843.060059,3114400,1832.875
1842,1846.849976,1818.900024,1844.869995,3724400,1858.88501
1851.349976,1869.77002,1848,1863.040039,3044600,1868.454956
1872.98999,1876.469971,1860.439941,1864.819946,2893500,1865.149963
1868.790039,1870.819946,1859.47998,1861.689941,2749900,1867.03003
1855.400024,1888.420044,1845.640015,1887.310059,3373800,1909.419983
1891.199951,1929.26001,1889.579956,1923.77002,4640400,1913.924988
1925,1929.689941,1898.160034,1901.75,3675800,1911.380005
1917,1922.449951,1900.310059,1902.25,6099100,1924.5
1929,1951,1898,1950.630005,8432600,1945.214966
1949,1956.339966,1934.089966,1938.430054,4021300,1921.329956
1930.099976,1935.709961,1906.949951,1926.52002,3506000,1927.095032
1933.089966,1943.640015,1910.550049,1911.52002,3117000,1901.710022
1913.329956,1921.550049,1881.869995,1900.819946,3962900,1950.200012
1949,1964.400024,1936,1962.459961,6381600,1934.75
1917.97998,1959,1910.5,1950.550049,5417800,1926.239991
1939.98999,1949.099976,1903.380005,1921,5902100,1922.684998
1918.869995,1935.369995,1910,1917.77002,4078600,1892.700012
1900,1909.400024,1876,1899.869995,5308300,1879.89502
1898,1903.790039,1856,1889.97998,5718000,1832.27002
1836.560059,1846.540039,1818,1822.680054,5783400,1834.094971
1839.5,1852.439941,1815.75,1840.119995,4629100,1848.715027
1827.949951,1874.430054,1823,1871.150024,4692600,1899.900025
1885.939941,1917.51001,1882.290039,1907.569946,4707800,1888.929993
1893.050049,1910.530029,1867.329956,1869,4736600,1851.660034
1852.689941,1867.780029,1835.540039,1858.969971,3798200,1862.5
1874.790039,1879,1846,1857.52002,4005100,1861.244995
1851.780029,1871.48999,1851,1859.680054,2936600,1824.099976
1836.589966,1844,1804.199951,1815.47998,4424300,1829.804993
1835.890015,1841.76001,1817.849976,1823.280029,3369700,1838.309998
1832.75,1849.27002,1827.349976,1836.430054,3200000,1818.765015
1823.119995,1830,1807.530029,1819.189941,4279000,1818.649964
1825.48999,1829.469971,1807.829956,1816.319946,3146900,1784.144959
1790.01001,1795.589966,1772.699951,1775.069946,4618800,1719.14502
1760.01001,1766.290039,1672,1692.689941,9098700,1705.854981
1699.23999,1730.819946,1680.890015,1729.560059,5679100,1733.625
1749.599976,1752,1715.25,1738.5,4239800,1743.065003
1737.709961,1760,1726.130005,1754.359985,3689300,1782.869995
1763.699951,1806.25,1759.48999,1804.030029,4808200,1851.434998
1822,1884.869995,1818,1860.630005,5371000,1875.849976
1883.25,1893.699951,1858,1863.699951,4042700,1854.690003
1853.97998,1865,1844.380005,1855.319946,2678300,1872.654969
1866.719971,1883.089966,1862.219971,1870.300049,2795800,1867.5
1864,1876,1859,1869.670044,2851200,1885.569946
1876.5,1895.689941,1875.449951,1886.030029,2634300,1910.730042
